CustomerID,SimilarCustomerID,SimilarityScore,MatchedCustomerID,CustomerName
C0001,C0103,1.0,C0103,Jennifer Munoz
C0001,C0157,1.0,C0157,Miguel Wong
C0001,C0098,1.0,C0098,Laura Gilbert
C0002,C0103,1.0,C0103,Jennifer Munoz
C0002,C0157,1.0,C0157,Miguel Wong
C0002,C0098,1.0,C0098,Laura Gilbert
C0003,C0103,1.0,C0103,Jennifer Munoz
C0003,C0157,1.0,C0157,Miguel Wong
C0003,C0098,1.0,C0098,Laura Gilbert
C0004,C0101,1.0,C0101,Kelsey Roberts
C0004,C0126,1.0,C0126,Caitlin Brown
C0004,C0124,1.0,C0124,Lindsay Perez
C0005,C0103,1.0,C0103,Jennifer Munoz
C0005,C0157,1.0,C0157,Miguel Wong
C0005,C0098,1.0,C0098,Laura Gilbert
C0006,C0101,1.0,C0101,Kelsey Roberts
C0006,C0126,1.0,C0126,Caitlin Brown
C0006,C0124,1.0,C0124,Lindsay Perez
C0007,C0103,1.0,C0103,Jennifer Munoz
C0007,C0157,1.0,C0157,Miguel Wong
C0007,C0098,1.0,C0098,Laura Gilbert
C0008,C0101,1.0,C0101,Kelsey Roberts
C0008,C0126,1.0,C0126,Caitlin Brown
C0008,C0124,1.0,C0124,Lindsay Perez
C0009,C0103,1.0,C0103,Jennifer Munoz
C0009,C0157,1.0,C0157,Miguel Wong
C0009,C0098,1.0,C0098,Laura Gilbert
C0010,C0103,1.0,C0103,Jennifer Munoz
C0010,C0157,1.0,C0157,Miguel Wong
C0010,C0098,1.0,C0098,Laura Gilbert
C0011,C0101,1.0,C0101,Kelsey Roberts
C0011,C0126,1.0,C0126,Caitlin Brown
C0011,C0124,1.0,C0124,Lindsay Perez
C0012,C0101,1.0,C0101,Kelsey Roberts
C0012,C0126,1.0,C0126,Caitlin Brown
C0012,C0124,1.0,C0124,Lindsay Perez
C0013,C0101,1.0,C0101,Kelsey Roberts
C0013,C0126,1.0,C0126,Caitlin Brown
C0013,C0124,1.0,C0124,Lindsay Perez
C0014,C0103,1.0,C0103,Jennifer Munoz
C0014,C0157,1.0,C0157,Miguel Wong
C0014,C0098,1.0,C0098,Laura Gilbert
C0015,C0103,1.0,C0103,Jennifer Munoz
C0015,C0157,1.0,C0157,Miguel Wong
C0015,C0098,1.0,C0098,Laura Gilbert
C0016,C0101,1.0,C0101,Kelsey Roberts
C0016,C0126,1.0,C0126,Caitlin Brown
C0016,C0124,1.0,C0124,Lindsay Perez
C0017,C0101,1.0,C0101,Kelsey Roberts
C0017,C0126,1.0,C0126,Caitlin Brown
C0017,C0124,1.0,C0124,Lindsay Perez
C0018,C0101,1.0,C0101,Kelsey Roberts
C0018,C0126,1.0,C0126,Caitlin Brown
C0018,C0124,1.0,C0124,Lindsay Perez
C0019,C0103,1.0,C0103,Jennifer Munoz
C0019,C0157,1.0,C0157,Miguel Wong
C0019,C0098,1.0,C0098,Laura Gilbert
C0020,C0103,1.0,C0103,Jennifer Munoz
C0020,C0157,1.0,C0157,Miguel Wong
C0020,C0098,1.0,C0098,Laura Gilbert
C0021,C0101,1.0,C0101,Kelsey Roberts
C0021,C0126,1.0,C0126,Caitlin Brown
C0021,C0124,1.0,C0124,Lindsay Perez
C0022,C0101,1.0,C0101,Kelsey Roberts
C0022,C0126,1.0,C0126,Caitlin Brown
C0022,C0124,1.0,C0124,Lindsay Perez
C0023,C0101,1.0,C0101,Kelsey Roberts
C0023,C0126,1.0,C0126,Caitlin Brown
C0023,C0124,1.0,C0124,Lindsay Perez
C0024,C0101,1.0,C0101,Kelsey Roberts
C0024,C0126,1.0,C0126,Caitlin Brown
C0024,C0124,1.0,C0124,Lindsay Perez
C0025,C0103,1.0,C0103,Jennifer Munoz
C0025,C0157,1.0,C0157,Miguel Wong
C0025,C0098,1.0,C0098,Laura Gilbert
C0026,C0101,1.0,C0101,Kelsey Roberts
C0026,C0126,1.0,C0126,Caitlin Brown
C0026,C0124,1.0,C0124,Lindsay Perez
C0027,C0103,1.0,C0103,Jennifer Munoz
C0027,C0157,1.0,C0157,Miguel Wong
C0027,C0098,1.0,C0098,Laura Gilbert
C0028,C0101,1.0,C0101,Kelsey Roberts
C0028,C0126,1.0,C0126,Caitlin Brown
C0028,C0124,1.0,C0124,Lindsay Perez
C0029,C0103,1.0,C0103,Jennifer Munoz
C0029,C0157,1.0,C0157,Miguel Wong
C0029,C0098,1.0,C0098,Laura Gilbert
C0030,C0103,1.0,C0103,Jennifer Munoz
C0030,C0157,1.0,C0157,Miguel Wong
C0030,C0098,1.0,C0098,Laura Gilbert
C0031,C0103,1.0,C0103,Jennifer Munoz
C0031,C0157,1.0,C0157,Miguel Wong
C0031,C0098,1.0,C0098,Laura Gilbert
C0032,C0103,1.0,C0103,Jennifer Munoz
C0032,C0157,1.0,C0157,Miguel Wong
C0032,C0098,1.0,C0098,Laura Gilbert
C0033,C0103,1.0,C0103,Jennifer Munoz
C0033,C0157,1.0,C0157,Miguel Wong
C0033,C0098,1.0,C0098,Laura Gilbert
C0034,C0103,1.0,C0103,Jennifer Munoz
C0034,C0157,1.0,C0157,Miguel Wong
C0034,C0098,1.0,C0098,Laura Gilbert
C0035,C0103,1.0,C0103,Jennifer Munoz
C0035,C0157,1.0,C0157,Miguel Wong
C0035,C0098,1.0,C0098,Laura Gilbert
C0036,C0103,1.0,C0103,Jennifer Munoz
C0036,C0157,1.0,C0157,Miguel Wong
C0036,C0098,1.0,C0098,Laura Gilbert
C0037,C0101,1.0,C0101,Kelsey Roberts
C0037,C0126,1.0,C0126,Caitlin Brown
C0037,C0124,1.0,C0124,Lindsay Perez
C0038,C0103,1.0,C0103,Jennifer Munoz
C0038,C0157,1.0,C0157,Miguel Wong
C0038,C0098,1.0,C0098,Laura Gilbert
C0039,C0101,1.0,C0101,Kelsey Roberts
C0039,C0126,1.0,C0126,Caitlin Brown
C0039,C0124,1.0,C0124,Lindsay Perez
C0040,C0101,1.0,C0101,Kelsey Roberts
C0040,C0126,1.0,C0126,Caitlin Brown
C0040,C0124,1.0,C0124,Lindsay Perez
C0041,C0101,1.0,C0101,Kelsey Roberts
C0041,C0126,1.0,C0126,Caitlin Brown
C0041,C0124,1.0,C0124,Lindsay Perez
C0042,C0103,1.0,C0103,Jennifer Munoz
C0042,C0157,1.0,C0157,Miguel Wong
C0042,C0098,1.0,C0098,Laura Gilbert
C0043,C0103,1.0,C0103,Jennifer Munoz
C0043,C0157,1.0,C0157,Miguel Wong
C0043,C0098,1.0,C0098,Laura Gilbert
C0044,C0103,1.0,C0103,Jennifer Munoz
C0044,C0157,1.0,C0157,Miguel Wong
C0044,C0098,1.0,C0098,Laura Gilbert
C0045,C0101,1.0,C0101,Kelsey Roberts
C0045,C0126,1.0,C0126,Caitlin Brown
C0045,C0124,1.0,C0124,Lindsay Perez
C0046,C0101,1.0,C0101,Kelsey Roberts
C0046,C0126,1.0,C0126,Caitlin Brown
C0046,C0124,1.0,C0124,Lindsay Perez
C0047,C0103,1.0,C0103,Jennifer Munoz
C0047,C0157,1.0,C0157,Miguel Wong
C0047,C0098,1.0,C0098,Laura Gilbert
C0048,C0101,1.0,C0101,Kelsey Roberts
C0048,C0126,1.0,C0126,Caitlin Brown
C0048,C0124,1.0,C0124,Lindsay Perez
C0049,C0103,1.0,C0103,Jennifer Munoz
C0049,C0157,1.0,C0157,Miguel Wong
C0049,C0098,1.0,C0098,Laura Gilbert
C0050,C0103,1.0,C0103,Jennifer Munoz
C0050,C0157,1.0,C0157,Miguel Wong
C0050,C0098,1.0,C0098,Laura Gilbert
C0051,C0101,1.0,C0101,Kelsey Roberts
C0051,C0126,1.0,C0126,Caitlin Brown
C0051,C0124,1.0,C0124,Lindsay Perez
C0052,C0103,1.0,C0103,Jennifer Munoz
C0052,C0157,1.0,C0157,Miguel Wong
C0052,C0098,1.0,C0098,Laura Gilbert
C0053,C0101,1.0,C0101,Kelsey Roberts
C0053,C0126,1.0,C0126,Caitlin Brown
C0053,C0124,1.0,C0124,Lindsay Perez
C0054,C0101,1.0,C0101,Kelsey Roberts
C0054,C0126,1.0,C0126,Caitlin Brown
C0054,C0124,1.0,C0124,Lindsay Perez
C0055,C0103,1.0,C0103,Jennifer Munoz
C0055,C0157,1.0,C0157,Miguel Wong
C0055,C0098,1.0,C0098,Laura Gilbert
C0056,C0103,1.0,C0103,Jennifer Munoz
C0056,C0157,1.0,C0157,Miguel Wong
C0056,C0098,1.0,C0098,Laura Gilbert
C0057,C0101,1.0,C0101,Kelsey Roberts
C0057,C0126,1.0,C0126,Caitlin Brown
C0057,C0124,1.0,C0124,Lindsay Perez
C0058,C0103,1.0,C0103,Jennifer Munoz
C0058,C0157,1.0,C0157,Miguel Wong
C0058,C0098,1.0,C0098,Laura Gilbert
C0059,C0101,1.0,C0101,Kelsey Roberts
C0059,C0126,1.0,C0126,Caitlin Brown
C0059,C0124,1.0,C0124,Lindsay Perez
C0060,C0103,1.0,C0103,Jennifer Munoz
C0060,C0157,1.0,C0157,Miguel Wong
C0060,C0098,1.0,C0098,Laura Gilbert
C0061,C0103,1.0,C0103,Jennifer Munoz
C0061,C0157,1.0,C0157,Miguel Wong
C0061,C0098,1.0,C0098,Laura Gilbert
C0062,C0103,1.0,C0103,Jennifer Munoz
C0062,C0157,1.0,C0157,Miguel Wong
C0062,C0098,1.0,C0098,Laura Gilbert
C0063,C0103,1.0,C0103,Jennifer Munoz
C0063,C0157,1.0,C0157,Miguel Wong
C0063,C0098,1.0,C0098,Laura Gilbert
C0064,C0101,1.0,C0101,Kelsey Roberts
C0064,C0126,1.0,C0126,Caitlin Brown
C0064,C0124,1.0,C0124,Lindsay Perez
C0065,C0101,1.0,C0101,Kelsey Roberts
C0065,C0126,1.0,C0126,Caitlin Brown
C0065,C0124,1.0,C0124,Lindsay Perez
C0066,C0101,1.0,C0101,Kelsey Roberts
C0066,C0126,1.0,C0126,Caitlin Brown
C0066,C0124,1.0,C0124,Lindsay Perez
C0067,C0101,1.0,C0101,Kelsey Roberts
C0067,C0126,1.0,C0126,Caitlin Brown
C0067,C0124,1.0,C0124,Lindsay Perez
C0068,C0101,1.0,C0101,Kelsey Roberts
C0068,C0126,1.0,C0126,Caitlin Brown
C0068,C0124,1.0,C0124,Lindsay Perez
C0069,C0103,1.0,C0103,Jennifer Munoz
C0069,C0157,1.0,C0157,Miguel Wong
C0069,C0098,1.0,C0098,Laura Gilbert
C0070,C0103,1.0,C0103,Jennifer Munoz
C0070,C0157,1.0,C0157,Miguel Wong
C0070,C0098,1.0,C0098,Laura Gilbert
C0071,C0103,1.0,C0103,Jennifer Munoz
C0071,C0157,1.0,C0157,Miguel Wong
C0071,C0098,1.0,C0098,Laura Gilbert
C0072,C0103,1.0,C0103,Jennifer Munoz
C0072,C0157,1.0,C0157,Miguel Wong
C0072,C0098,1.0,C0098,Laura Gilbert
C0073,C0103,1.0,C0103,Jennifer Munoz
C0073,C0157,1.0,C0157,Miguel Wong
C0073,C0098,1.0,C0098,Laura Gilbert
C0074,C0103,1.0,C0103,Jennifer Munoz
C0074,C0157,1.0,C0157,Miguel Wong
C0074,C0098,1.0,C0098,Laura Gilbert
C0075,C0101,1.0,C0101,Kelsey Roberts
C0075,C0126,1.0,C0126,Caitlin Brown
C0075,C0124,1.0,C0124,Lindsay Perez
C0076,C0103,1.0,C0103,Jennifer Munoz
C0076,C0157,1.0,C0157,Miguel Wong
C0076,C0098,1.0,C0098,Laura Gilbert
C0077,C0103,1.0,C0103,Jennifer Munoz
C0077,C0157,1.0,C0157,Miguel Wong
C0077,C0098,1.0,C0098,Laura Gilbert
C0078,C0103,1.0,C0103,Jennifer Munoz
C0078,C0157,1.0,C0157,Miguel Wong
C0078,C0098,1.0,C0098,Laura Gilbert
C0079,C0101,1.0,C0101,Kelsey Roberts
C0079,C0126,1.0,C0126,Caitlin Brown
C0079,C0124,1.0,C0124,Lindsay Perez
C0080,C0103,1.0,C0103,Jennifer Munoz
C0080,C0157,1.0,C0157,Miguel Wong
C0080,C0098,1.0,C0098,Laura Gilbert
C0081,C0101,1.0,C0101,Kelsey Roberts
C0081,C0126,1.0,C0126,Caitlin Brown
C0081,C0124,1.0,C0124,Lindsay Perez
C0082,C0101,1.0,C0101,Kelsey Roberts
C0082,C0126,1.0,C0126,Caitlin Brown
C0082,C0124,1.0,C0124,Lindsay Perez
C0083,C0103,1.0,C0103,Jennifer Munoz
C0083,C0157,1.0,C0157,Miguel Wong
C0083,C0098,1.0,C0098,Laura Gilbert
C0084,C0101,1.0,C0101,Kelsey Roberts
C0084,C0126,1.0,C0126,Caitlin Brown
C0084,C0124,1.0,C0124,Lindsay Perez
C0085,C0103,1.0,C0103,Jennifer Munoz
C0085,C0157,1.0,C0157,Miguel Wong
C0085,C0098,1.0,C0098,Laura Gilbert
C0086,C0103,1.0,C0103,Jennifer Munoz
C0086,C0157,1.0,C0157,Miguel Wong
C0086,C0098,1.0,C0098,Laura Gilbert
C0087,C0101,1.0,C0101,Kelsey Roberts
C0087,C0126,1.0,C0126,Caitlin Brown
C0087,C0124,1.0,C0124,Lindsay Perez
C0088,C0103,1.0,C0103,Jennifer Munoz
C0088,C0157,1.0,C0157,Miguel Wong
C0088,C0098,1.0,C0098,Laura Gilbert
C0089,C0103,1.0,C0103,Jennifer Munoz
C0089,C0157,1.0,C0157,Miguel Wong
C0089,C0098,1.0,C0098,Laura Gilbert
C0090,C0101,1.0,C0101,Kelsey Roberts
C0090,C0126,1.0,C0126,Caitlin Brown
C0090,C0124,1.0,C0124,Lindsay Perez
C0091,C0103,1.0,C0103,Jennifer Munoz
C0091,C0157,1.0,C0157,Miguel Wong
C0091,C0098,1.0,C0098,Laura Gilbert
C0092,C0103,1.0,C0103,Jennifer Munoz
C0092,C0157,1.0,C0157,Miguel Wong
C0092,C0098,1.0,C0098,Laura Gilbert
C0093,C0101,1.0,C0101,Kelsey Roberts
C0093,C0126,1.0,C0126,Caitlin Brown
C0093,C0124,1.0,C0124,Lindsay Perez
C0094,C0103,1.0,C0103,Jennifer Munoz
C0094,C0157,1.0,C0157,Miguel Wong
C0094,C0098,1.0,C0098,Laura Gilbert
C0095,C0103,1.0,C0103,Jennifer Munoz
C0095,C0157,1.0,C0157,Miguel Wong
C0095,C0098,1.0,C0098,Laura Gilbert
C0096,C0101,1.0,C0101,Kelsey Roberts
C0096,C0126,1.0,C0126,Caitlin Brown
C0096,C0124,1.0,C0124,Lindsay Perez
C0097,C0103,1.0,C0103,Jennifer Munoz
C0097,C0157,1.0,C0157,Miguel Wong
C0097,C0098,1.0,C0098,Laura Gilbert
C0098,C0103,1.0,C0103,Jennifer Munoz
C0098,C0157,1.0,C0157,Miguel Wong
C0098,C0098,1.0,C0098,Laura Gilbert
C0099,C0101,1.0,C0101,Kelsey Roberts
C0099,C0126,1.0,C0126,Caitlin Brown
C0099,C0124,1.0,C0124,Lindsay Perez
C0100,C0101,1.0,C0101,Kelsey Roberts
C0100,C0126,1.0,C0126,Caitlin Brown
C0100,C0124,1.0,C0124,Lindsay Perez
C0101,C0101,1.0,C0101,Kelsey Roberts
C0101,C0126,1.0,C0126,Caitlin Brown
C0101,C0124,1.0,C0124,Lindsay Perez
C0102,C0101,1.0,C0101,Kelsey Roberts
C0102,C0126,1.0,C0126,Caitlin Brown
C0102,C0124,1.0,C0124,Lindsay Perez
C0103,C0103,1.0,C0103,Jennifer Munoz
C0103,C0157,1.0,C0157,Miguel Wong
C0103,C0098,1.0,C0098,Laura Gilbert
C0104,C0101,1.0,C0101,Kelsey Roberts
C0104,C0126,1.0,C0126,Caitlin Brown
C0104,C0124,1.0,C0124,Lindsay Perez
C0105,C0101,1.0,C0101,Kelsey Roberts
C0105,C0126,1.0,C0126,Caitlin Brown
C0105,C0124,1.0,C0124,Lindsay Perez
C0106,C0103,1.0,C0103,Jennifer Munoz
C0106,C0157,1.0,C0157,Miguel Wong
C0106,C0098,1.0,C0098,Laura Gilbert
C0107,C0101,1.0,C0101,Kelsey Roberts
C0107,C0126,1.0,C0126,Caitlin Brown
C0107,C0124,1.0,C0124,Lindsay Perez
C0108,C0101,1.0,C0101,Kelsey Roberts
C0108,C0126,1.0,C0126,Caitlin Brown
C0108,C0124,1.0,C0124,Lindsay Perez
C0109,C0101,1.0,C0101,Kelsey Roberts
C0109,C0126,1.0,C0126,Caitlin Brown
C0109,C0124,1.0,C0124,Lindsay Perez
C0110,C0103,1.0,C0103,Jennifer Munoz
C0110,C0157,1.0,C0157,Miguel Wong
C0110,C0098,1.0,C0098,Laura Gilbert
C0111,C0103,1.0,C0103,Jennifer Munoz
C0111,C0157,1.0,C0157,Miguel Wong
C0111,C0098,1.0,C0098,Laura Gilbert
C0112,C0103,1.0,C0103,Jennifer Munoz
C0112,C0157,1.0,C0157,Miguel Wong
C0112,C0098,1.0,C0098,Laura Gilbert
C0113,C0101,1.0,C0101,Kelsey Roberts
C0113,C0126,1.0,C0126,Caitlin Brown
C0113,C0124,1.0,C0124,Lindsay Perez
C0114,C0101,1.0,C0101,Kelsey Roberts
C0114,C0126,1.0,C0126,Caitlin Brown
C0114,C0124,1.0,C0124,Lindsay Perez
C0115,C0103,1.0,C0103,Jennifer Munoz
C0115,C0157,1.0,C0157,Miguel Wong
C0115,C0098,1.0,C0098,Laura Gilbert
C0116,C0103,1.0,C0103,Jennifer Munoz
C0116,C0157,1.0,C0157,Miguel Wong
C0116,C0098,1.0,C0098,Laura Gilbert
C0117,C0101,1.0,C0101,Kelsey Roberts
C0117,C0126,1.0,C0126,Caitlin Brown
C0117,C0124,1.0,C0124,Lindsay Perez
C0118,C0103,1.0,C0103,Jennifer Munoz
C0118,C0157,1.0,C0157,Miguel Wong
C0118,C0098,1.0,C0098,Laura Gilbert
C0119,C0103,1.0,C0103,Jennifer Munoz
C0119,C0157,1.0,C0157,Miguel Wong
C0119,C0098,1.0,C0098,Laura Gilbert
C0120,C0103,1.0,C0103,Jennifer Munoz
C0120,C0157,1.0,C0157,Miguel Wong
C0120,C0098,1.0,C0098,Laura Gilbert
C0121,C0103,1.0,C0103,Jennifer Munoz
C0121,C0157,1.0,C0157,Miguel Wong
C0121,C0098,1.0,C0098,Laura Gilbert
C0122,C0101,1.0,C0101,Kelsey Roberts
C0122,C0126,1.0,C0126,Caitlin Brown
C0122,C0124,1.0,C0124,Lindsay Perez
C0123,C0103,1.0,C0103,Jennifer Munoz
C0123,C0157,1.0,C0157,Miguel Wong
C0123,C0098,1.0,C0098,Laura Gilbert
C0124,C0101,1.0,C0101,Kelsey Roberts
C0124,C0126,1.0,C0126,Caitlin Brown
C0124,C0124,1.0,C0124,Lindsay Perez
C0125,C0103,1.0,C0103,Jennifer Munoz
C0125,C0157,1.0,C0157,Miguel Wong
C0125,C0098,1.0,C0098,Laura Gilbert
C0126,C0101,1.0,C0101,Kelsey Roberts
C0126,C0126,1.0,C0126,Caitlin Brown
C0126,C0124,1.0,C0124,Lindsay Perez
C0127,C0103,1.0,C0103,Jennifer Munoz
C0127,C0157,1.0,C0157,Miguel Wong
C0127,C0098,1.0,C0098,Laura Gilbert
C0128,C0103,1.0,C0103,Jennifer Munoz
C0128,C0157,1.0,C0157,Miguel Wong
C0128,C0098,1.0,C0098,Laura Gilbert
C0129,C0103,1.0,C0103,Jennifer Munoz
C0129,C0157,1.0,C0157,Miguel Wong
C0129,C0098,1.0,C0098,Laura Gilbert
C0130,C0103,1.0,C0103,Jennifer Munoz
C0130,C0157,1.0,C0157,Miguel Wong
C0130,C0098,1.0,C0098,Laura Gilbert
C0131,C0103,1.0,C0103,Jennifer Munoz
C0131,C0157,1.0,C0157,Miguel Wong
C0131,C0098,1.0,C0098,Laura Gilbert
C0132,C0103,1.0,C0103,Jennifer Munoz
C0132,C0157,1.0,C0157,Miguel Wong
C0132,C0098,1.0,C0098,Laura Gilbert
C0133,C0103,1.0,C0103,Jennifer Munoz
C0133,C0157,1.0,C0157,Miguel Wong
C0133,C0098,1.0,C0098,Laura Gilbert
C0134,C0103,1.0,C0103,Jennifer Munoz
C0134,C0157,1.0,C0157,Miguel Wong
C0134,C0098,1.0,C0098,Laura Gilbert
C0135,C0103,1.0,C0103,Jennifer Munoz
C0135,C0157,1.0,C0157,Miguel Wong
C0135,C0098,1.0,C0098,Laura Gilbert
C0136,C0101,1.0,C0101,Kelsey Roberts
C0136,C0126,1.0,C0126,Caitlin Brown
C0136,C0124,1.0,C0124,Lindsay Perez
C0137,C0103,1.0,C0103,Jennifer Munoz
C0137,C0157,1.0,C0157,Miguel Wong
C0137,C0098,1.0,C0098,Laura Gilbert
C0138,C0101,1.0,C0101,Kelsey Roberts
C0138,C0126,1.0,C0126,Caitlin Brown
C0138,C0124,1.0,C0124,Lindsay Perez
C0139,C0101,1.0,C0101,Kelsey Roberts
C0139,C0126,1.0,C0126,Caitlin Brown
C0139,C0124,1.0,C0124,Lindsay Perez
C0140,C0103,1.0,C0103,Jennifer Munoz
C0140,C0157,1.0,C0157,Miguel Wong
C0140,C0098,1.0,C0098,Laura Gilbert
C0141,C0101,1.0,C0101,Kelsey Roberts
C0141,C0126,1.0,C0126,Caitlin Brown
C0141,C0124,1.0,C0124,Lindsay Perez
C0142,C0103,1.0,C0103,Jennifer Munoz
C0142,C0157,1.0,C0157,Miguel Wong
C0142,C0098,1.0,C0098,Laura Gilbert
C0143,C0101,1.0,C0101,Kelsey Roberts
C0143,C0126,1.0,C0126,Caitlin Brown
C0143,C0124,1.0,C0124,Lindsay Perez
C0144,C0103,1.0,C0103,Jennifer Munoz
C0144,C0157,1.0,C0157,Miguel Wong
C0144,C0098,1.0,C0098,Laura Gilbert
C0145,C0101,1.0,C0101,Kelsey Roberts
C0145,C0126,1.0,C0126,Caitlin Brown
C0145,C0124,1.0,C0124,Lindsay Perez
C0146,C0103,1.0,C0103,Jennifer Munoz
C0146,C0157,1.0,C0157,Miguel Wong
C0146,C0098,1.0,C0098,Laura Gilbert
C0147,C0103,1.0,C0103,Jennifer Munoz
C0147,C0157,1.0,C0157,Miguel Wong
C0147,C0098,1.0,C0098,Laura Gilbert
C0148,C0101,1.0,C0101,Kelsey Roberts
C0148,C0126,1.0,C0126,Caitlin Brown
C0148,C0124,1.0,C0124,Lindsay Perez
C0149,C0101,1.0,C0101,Kelsey Roberts
C0149,C0126,1.0,C0126,Caitlin Brown
C0149,C0124,1.0,C0124,Lindsay Perez
C0150,C0103,1.0,C0103,Jennifer Munoz
C0150,C0157,1.0,C0157,Miguel Wong
C0150,C0098,1.0,C0098,Laura Gilbert
C0151,C0103,1.0,C0103,Jennifer Munoz
C0151,C0157,1.0,C0157,Miguel Wong
C0151,C0098,1.0,C0098,Laura Gilbert
C0152,C0103,1.0,C0103,Jennifer Munoz
C0152,C0157,1.0,C0157,Miguel Wong
C0152,C0098,1.0,C0098,Laura Gilbert
C0153,C0101,1.0,C0101,Kelsey Roberts
C0153,C0126,1.0,C0126,Caitlin Brown
C0153,C0124,1.0,C0124,Lindsay Perez
C0154,C0101,1.0,C0101,Kelsey Roberts
C0154,C0126,1.0,C0126,Caitlin Brown
C0154,C0124,1.0,C0124,Lindsay Perez
C0155,C0101,1.0,C0101,Kelsey Roberts
C0155,C0126,1.0,C0126,Caitlin Brown
C0155,C0124,1.0,C0124,Lindsay Perez
C0156,C0101,1.0,C0101,Kelsey Roberts
C0156,C0126,1.0,C0126,Caitlin Brown
C0156,C0124,1.0,C0124,Lindsay Perez
C0157,C0103,1.0,C0103,Jennifer Munoz
C0157,C0157,1.0,C0157,Miguel Wong
C0157,C0098,1.0,C0098,Laura Gilbert
C0158,C0101,1.0,C0101,Kelsey Roberts
C0158,C0126,1.0,C0126,Caitlin Brown
C0158,C0124,1.0,C0124,Lindsay Perez
C0159,C0103,1.0,C0103,Jennifer Munoz
C0159,C0157,1.0,C0157,Miguel Wong
C0159,C0098,1.0,C0098,Laura Gilbert
C0160,C0103,1.0,C0103,Jennifer Munoz
C0160,C0157,1.0,C0157,Miguel Wong
C0160,C0098,1.0,C0098,Laura Gilbert
C0161,C0103,1.0,C0103,Jennifer Munoz
C0161,C0157,1.0,C0157,Miguel Wong
C0161,C0098,1.0,C0098,Laura Gilbert
C0162,C0101,1.0,C0101,Kelsey Roberts
C0162,C0126,1.0,C0126,Caitlin Brown
C0162,C0124,1.0,C0124,Lindsay Perez
C0163,C0101,1.0,C0101,Kelsey Roberts
C0163,C0126,1.0,C0126,Caitlin Brown
C0163,C0124,1.0,C0124,Lindsay Perez
C0164,C0103,1.0,C0103,Jennifer Munoz
C0164,C0157,1.0,C0157,Miguel Wong
C0164,C0098,1.0,C0098,Laura Gilbert
C0165,C0101,1.0,C0101,Kelsey Roberts
C0165,C0126,1.0,C0126,Caitlin Brown
C0165,C0124,1.0,C0124,Lindsay Perez
C0166,C0103,1.0,C0103,Jennifer Munoz
C0166,C0157,1.0,C0157,Miguel Wong
C0166,C0098,1.0,C0098,Laura Gilbert
C0167,C0103,1.0,C0103,Jennifer Munoz
C0167,C0157,1.0,C0157,Miguel Wong
C0167,C0098,1.0,C0098,Laura Gilbert
C0168,C0101,1.0,C0101,Kelsey Roberts
C0168,C0126,1.0,C0126,Caitlin Brown
C0168,C0124,1.0,C0124,Lindsay Perez
C0169,C0101,1.0,C0101,Kelsey Roberts
C0169,C0126,1.0,C0126,Caitlin Brown
C0169,C0124,1.0,C0124,Lindsay Perez
C0170,C0101,1.0,C0101,Kelsey Roberts
C0170,C0126,1.0,C0126,Caitlin Brown
C0170,C0124,1.0,C0124,Lindsay Perez
C0171,C0101,1.0,C0101,Kelsey Roberts
C0171,C0126,1.0,C0126,Caitlin Brown
C0171,C0124,1.0,C0124,Lindsay Perez
C0172,C0103,1.0,C0103,Jennifer Munoz
C0172,C0157,1.0,C0157,Miguel Wong
C0172,C0098,1.0,C0098,Laura Gilbert
C0173,C0101,1.0,C0101,Kelsey Roberts
C0173,C0126,1.0,C0126,Caitlin Brown
C0173,C0124,1.0,C0124,Lindsay Perez
C0174,C0103,1.0,C0103,Jennifer Munoz
C0174,C0157,1.0,C0157,Miguel Wong
C0174,C0098,1.0,C0098,Laura Gilbert
C0175,C0101,1.0,C0101,Kelsey Roberts
C0175,C0126,1.0,C0126,Caitlin Brown
C0175,C0124,1.0,C0124,Lindsay Perez
C0176,C0103,1.0,C0103,Jennifer Munoz
C0176,C0157,1.0,C0157,Miguel Wong
C0176,C0098,1.0,C0098,Laura Gilbert
C0177,C0103,1.0,C0103,Jennifer Munoz
C0177,C0157,1.0,C0157,Miguel Wong
C0177,C0098,1.0,C0098,Laura Gilbert
C0178,C0103,1.0,C0103,Jennifer Munoz
C0178,C0157,1.0,C0157,Miguel Wong
C0178,C0098,1.0,C0098,Laura Gilbert
C0179,C0101,1.0,C0101,Kelsey Roberts
C0179,C0126,1.0,C0126,Caitlin Brown
C0179,C0124,1.0,C0124,Lindsay Perez
C0181,C0103,1.0,C0103,Jennifer Munoz
C0181,C0157,1.0,C0157,Miguel Wong
C0181,C0098,1.0,C0098,Laura Gilbert
C0182,C0101,1.0,C0101,Kelsey Roberts
C0182,C0126,1.0,C0126,Caitlin Brown
C0182,C0124,1.0,C0124,Lindsay Perez
C0183,C0101,1.0,C0101,Kelsey Roberts
C0183,C0126,1.0,C0126,Caitlin Brown
C0183,C0124,1.0,C0124,Lindsay Perez
C0184,C0103,1.0,C0103,Jennifer Munoz
C0184,C0157,1.0,C0157,Miguel Wong
C0184,C0098,1.0,C0098,Laura Gilbert
C0185,C0103,1.0,C0103,Jennifer Munoz
C0185,C0157,1.0,C0157,Miguel Wong
C0185,C0098,1.0,C0098,Laura Gilbert
C0186,C0103,1.0,C0103,Jennifer Munoz
C0186,C0157,1.0,C0157,Miguel Wong
C0186,C0098,1.0,C0098,Laura Gilbert
C0187,C0101,1.0,C0101,Kelsey Roberts
C0187,C0126,1.0,C0126,Caitlin Brown
C0187,C0124,1.0,C0124,Lindsay Perez
C0188,C0101,1.0,C0101,Kelsey Roberts
C0188,C0126,1.0,C0126,Caitlin Brown
C0188,C0124,1.0,C0124,Lindsay Perez
C0189,C0103,1.0,C0103,Jennifer Munoz
C0189,C0157,1.0,C0157,Miguel Wong
C0189,C0098,1.0,C0098,Laura Gilbert
C0190,C0103,1.0,C0103,Jennifer Munoz
C0190,C0157,1.0,C0157,Miguel Wong
C0190,C0098,1.0,C0098,Laura Gilbert
C0191,C0103,1.0,C0103,Jennifer Munoz
C0191,C0157,1.0,C0157,Miguel Wong
C0191,C0098,1.0,C0098,Laura Gilbert
C0192,C0103,1.0,C0103,Jennifer Munoz
C0192,C0157,1.0,C0157,Miguel Wong
C0192,C0098,1.0,C0098,Laura Gilbert
C0193,C0103,1.0,C0103,Jennifer Munoz
C0193,C0157,1.0,C0157,Miguel Wong
C0193,C0098,1.0,C0098,Laura Gilbert
C0194,C0101,1.0,C0101,Kelsey Roberts
C0194,C0126,1.0,C0126,Caitlin Brown
C0194,C0124,1.0,C0124,Lindsay Perez
C0195,C0101,1.0,C0101,Kelsey Roberts
C0195,C0126,1.0,C0126,Caitlin Brown
C0195,C0124,1.0,C0124,Lindsay Perez
C0196,C0101,1.0,C0101,Kelsey Roberts
C0196,C0126,1.0,C0126,Caitlin Brown
C0196,C0124,1.0,C0124,Lindsay Perez
C0197,C0103,1.0,C0103,Jennifer Munoz
C0197,C0157,1.0,C0157,Miguel Wong
C0197,C0098,1.0,C0098,Laura Gilbert
C0198,C0103,1.0,C0103,Jennifer Munoz
C0198,C0157,1.0,C0157,Miguel Wong
C0198,C0098,1.0,C0098,Laura Gilbert
C0199,C0103,1.0,C0103,Jennifer Munoz
C0199,C0157,1.0,C0157,Miguel Wong
C0199,C0098,1.0,C0098,Laura Gilbert
C0200,C0101,1.0,C0101,Kelsey Roberts
C0200,C0126,1.0,C0126,Caitlin Brown
C0200,C0124,1.0,C0124,Lindsay Perez
